wall_epoch,phase,gpu,memory_used_mib,utilization_pct
1787561276.8515775,startup,3,4,0.0
1787561276.8515775,startup,4,4,0.0
1787561276.8515775,startup,5,4,0.0
1787561276.8515775,startup,6,4,0.0
1787561278.0502706,startup,3,4,0.0
1787561278.0502706,startup,4,4,0.0
1787561278.0502706,startup,5,4,0.0
1787561278.0502706,startup,6,4,0.0
1787561279.969496,startup,3,4,0.0
1787561279.969496,startup,4,4,0.0
1787561279.969496,startup,5,4,0.0
1787561279.969496,startup,6,4,0.0
1787561281.9081733,startup,3,435,0.0
1787561281.9081733,startup,4,4,0.0
1787561281.9081733,startup,5,4,0.0
1787561281.9081733,startup,6,4,0.0
1787561283.8593872,startup,3,4,0.0
1787561283.8593872,startup,4,4,0.0
1787561283.8593872,startup,5,43,0.0
1787561283.8593872,startup,6,4,0.0
1787561285.162484,startup,3,4,0.0
1787561285.162484,startup,4,4,0.0
1787561285.162484,startup,5,4,0.0
1787561285.162484,startup,6,533,3.0
1787561286.4135268,startup,3,4,0.0
1787561286.4135268,startup,4,4,0.0
1787561286.4135268,startup,5,4,0.0
1787561286.4135268,startup,6,4,0.0
1787561287.980496,startup,3,4,0.0
1787561287.980496,startup,4,4,0.0
1787561287.980496,startup,5,4,0.0
1787561287.980496,startup,6,4,0.0
1787561289.813208,startup,3,4,0.0
1787561289.813208,startup,4,4,0.0
1787561289.813208,startup,5,4,0.0
1787561289.813208,startup,6,4,0.0
1787561291.084677,startup,3,4,0.0
1787561291.084677,startup,4,4,0.0
1787561291.084677,startup,5,4,0.0
1787561291.084677,startup,6,4,0.0
1787561292.3040009,startup,3,0,0.0
1787561292.3040009,startup,4,0,0.0
1787561292.3040009,startup,5,0,0.0
1787561292.3040009,startup,6,0,0.0
1787561293.7792177,startup,3,0,0.0
1787561293.7792177,startup,4,0,0.0
1787561293.7792177,startup,5,0,0.0
1787561293.7792177,startup,6,0,0.0
1787561295.7596202,startup,3,0,0.0
1787561295.7596202,startup,4,0,0.0
1787561295.7596202,startup,5,0,0.0
1787561295.7596202,startup,6,0,0.0
1787561297.6129773,startup,3,0,0.0
1787561297.6129773,startup,4,0,0.0
1787561297.6129773,startup,5,0,0.0
1787561297.6129773,startup,6,0,0.0
1787561299.5046144,startup,3,0,0.0
1787561299.5046144,startup,4,0,0.0
1787561299.5046144,startup,5,0,0.0
1787561299.5046144,startup,6,0,0.0
1787561301.3152122,startup,3,0,0.0
1787561301.3152122,startup,4,0,0.0
1787561301.3152122,startup,5,0,0.0
1787561301.3152122,startup,6,0,0.0
1787561302.6950321,startup,3,0,0.0
1787561302.6950321,startup,4,0,0.0
1787561302.6950321,startup,5,0,0.0
1787561302.6950321,startup,6,0,0.0
1787561304.2212744,startup,3,0,0.0
1787561304.2212744,startup,4,0,0.0
1787561304.2212744,startup,5,0,0.0
1787561304.2212744,startup,6,0,0.0
1787561305.9042737,startup,3,0,0.0
1787561305.9042737,startup,4,0,0.0
1787561305.9042737,startup,5,0,0.0
1787561305.9042737,startup,6,0,0.0
1787561307.1578536,startup,3,0,0.0
1787561307.1578536,startup,4,0,0.0
1787561307.1578536,startup,5,0,0.0
1787561307.1578536,startup,6,0,0.0
1787561308.389802,startup,3,0,0.0
1787561308.389802,startup,4,0,0.0
1787561308.389802,startup,5,0,0.0
1787561308.389802,startup,6,0,0.0
1787561309.773807,startup,3,0,0.0
1787561309.773807,startup,4,0,0.0
1787561309.773807,startup,5,0,0.0
1787561309.773807,startup,6,0,0.0
1787561311.6369402,startup,3,0,0.0
1787561311.6369402,startup,4,0,0.0
1787561311.6369402,startup,5,0,0.0
1787561311.6369402,startup,6,0,0.0
1787561313.5645263,startup,3,0,0.0
1787561313.5645263,startup,4,0,0.0
1787561313.5645263,startup,5,0,0.0
1787561313.5645263,startup,6,0,0.0
1787561315.4907568,startup,3,4,0.0
1787561315.4907568,startup,4,4,0.0
1787561315.4907568,startup,5,4,0.0
1787561315.4907568,startup,6,4,0.0
1787561316.9937882,startup,3,4,0.0
1787561316.9937882,startup,4,4,0.0
1787561316.9937882,startup,5,4,0.0
1787561316.9937882,startup,6,4,0.0
1787561318.3530858,startup,3,4,0.0
1787561318.3530858,startup,4,4,0.0
1787561318.3530858,startup,5,4,0.0
1787561318.3530858,startup,6,4,0.0
1787561319.7056224,startup,3,4,0.0
1787561319.7056224,startup,4,4,0.0
1787561319.7056224,startup,5,4,0.0
1787561319.7056224,startup,6,4,0.0
1787561321.4812734,startup,3,4,0.0
1787561321.4812734,startup,4,4,0.0
1787561321.4812734,startup,5,4,0.0
1787561321.4812734,startup,6,4,0.0
1787561323.3356013,startup,3,4,0.0
1787561323.3356013,startup,4,4,0.0
1787561323.3356013,startup,5,4,0.0
1787561323.3356013,startup,6,4,0.0
1787561325.169107,startup,3,4,0.0
1787561325.169107,startup,4,4,0.0
1787561325.169107,startup,5,4,0.0
1787561325.169107,startup,6,4,0.0
1787561327.069531,startup,3,4,0.0
1787561327.069531,startup,4,4,0.0
1787561327.069531,startup,5,4,0.0
1787561327.069531,startup,6,4,0.0
1787561328.948161,startup,3,4,0.0
1787561328.948161,startup,4,4,0.0
1787561328.948161,startup,5,4,0.0
1787561328.948161,startup,6,4,0.0
1787561331.3549764,startup,3,4,0.0
1787561331.3549764,startup,4,4,0.0
1787561331.3549764,startup,5,4,0.0
1787561331.3549764,startup,6,4,0.0
1787561333.0587034,startup,3,4,0.0
1787561333.0587034,startup,4,4,0.0
1787561333.0587034,startup,5,4,0.0
1787561333.0587034,startup,6,4,0.0
1787561334.8246062,startup,3,4,0.0
1787561334.8246062,startup,4,4,0.0
1787561334.8246062,startup,5,4,0.0
1787561334.8246062,startup,6,4,0.0
1787561336.7110648,startup,3,4,0.0
1787561336.7110648,startup,4,4,0.0
1787561336.7110648,startup,5,4,0.0
1787561336.7110648,startup,6,4,0.0
1787561338.588065,startup,3,4,0.0
1787561338.588065,startup,4,4,0.0
1787561338.588065,startup,5,4,0.0
1787561338.588065,startup,6,4,0.0
1787561340.6544344,startup,3,4,0.0
1787561340.6544344,startup,4,4,0.0
1787561340.6544344,startup,5,4,0.0
1787561340.6544344,startup,6,4,0.0
1787561342.8006108,startup,3,4,0.0
1787561342.8006108,startup,4,4,0.0
1787561342.8006108,startup,5,4,0.0
1787561342.8006108,startup,6,4,0.0
1787561344.6094768,startup,3,4,0.0
1787561344.6094768,startup,4,4,0.0
1787561344.6094768,startup,5,4,0.0
1787561344.6094768,startup,6,4,0.0
1787561346.6495037,startup,3,4,0.0
1787561346.6495037,startup,4,4,0.0
1787561346.6495037,startup,5,4,0.0
1787561346.6495037,startup,6,4,0.0
1787561348.5648217,startup,3,4,0.0
1787561348.5648217,startup,4,4,0.0
1787561348.5648217,startup,5,4,0.0
1787561348.5648217,startup,6,4,0.0
1787561350.344462,startup,3,4,0.0
1787561350.344462,startup,4,4,0.0
1787561350.344462,startup,5,4,0.0
1787561350.344462,startup,6,4,0.0
1787561352.1828728,startup,3,4,0.0
1787561352.1828728,startup,4,4,0.0
1787561352.1828728,startup,5,4,0.0
1787561352.1828728,startup,6,4,0.0
1787561353.9437099,startup,3,4,0.0
1787561353.9437099,startup,4,4,0.0
1787561353.9437099,startup,5,4,0.0
1787561353.9437099,startup,6,4,0.0
1787561356.0128858,startup,3,4,0.0
1787561356.0128858,startup,4,4,0.0
1787561356.0128858,startup,5,4,0.0
1787561356.0128858,startup,6,4,0.0
1787561357.6576126,startup,3,4,0.0
1787561357.6576126,startup,4,4,0.0
1787561357.6576126,startup,5,4,0.0
1787561357.6576126,startup,6,4,0.0
1787561359.2298498,startup,3,4,0.0
1787561359.2298498,startup,4,4,0.0
1787561359.2298498,startup,5,4,0.0
1787561359.2298498,startup,6,4,0.0
1787561360.838823,startup,3,4,0.0
1787561360.838823,startup,4,4,0.0
1787561360.838823,startup,5,4,0.0
1787561360.838823,startup,6,4,0.0
1787561362.5059345,startup,3,623,0.0
1787561362.5059345,startup,4,623,0.0
1787561362.5059345,startup,5,623,0.0
1787561362.5059345,startup,6,623,0.0
1787561364.46128,startup,3,68047,0.0
1787561364.46128,startup,4,68027,0.0
1787561364.46128,startup,5,68283,0.0
1787561364.46128,startup,6,68499,0.0
1787561366.4307103,startup,3,77441,0.0
1787561366.4307103,startup,4,77441,0.0
1787561366.4307103,startup,5,77441,0.0
1787561366.4307103,startup,6,77441,0.0
1787561368.511228,startup,3,77441,0.0
1787561368.511228,startup,4,77441,0.0
1787561368.511228,startup,5,77441,0.0
1787561368.511228,startup,6,77441,0.0
1787561370.8210115,startup,3,77441,0.0
1787561370.8210115,startup,4,77441,0.0
1787561370.8210115,startup,5,77441,0.0
1787561370.8210115,startup,6,77441,0.0
1787561373.0958686,startup,3,77441,0.0
1787561373.0958686,startup,4,77441,0.0
1787561373.0958686,startup,5,77441,0.0
1787561373.0958686,startup,6,77441,0.0
1787561375.740698,startup,3,77441,0.0
1787561375.740698,startup,4,77441,0.0
1787561375.740698,startup,5,77441,0.0
1787561375.740698,startup,6,77441,0.0
1787561378.7844696,startup,3,77441,0.0
1787561378.7844696,startup,4,77441,0.0
1787561378.7844696,startup,5,77441,0.0
1787561378.7844696,startup,6,77441,0.0
1787561382.4675055,startup,3,77441,0.0
1787561382.4675055,startup,4,77441,0.0
1787561382.4675055,startup,5,77441,0.0
1787561382.4675055,startup,6,77441,0.0
1787561386.6628177,startup,3,77441,0.0
1787561386.6628177,startup,4,77441,0.0
1787561386.6628177,startup,5,77441,0.0
1787561386.6628177,startup,6,77441,0.0
1787561390.5007837,startup,3,79211,5.0
1787561390.5007837,startup,4,78031,4.0
1787561390.5007837,startup,5,79355,5.0
1787561390.5007837,startup,6,77923,0.0
1787561394.4832137,startup,3,84847,9.0
1787561394.4832137,startup,4,84333,5.0
1787561394.4832137,startup,5,84029,4.0
1787561394.4832137,startup,6,82285,1.0
1787561397.350652,startup,3,87383,0.0
1787561397.350652,startup,4,87383,6.0
1787561397.350652,startup,5,86895,3.0
1787561397.350652,startup,6,86527,7.0
1787561399.5982711,startup,3,87961,1.0
1787561399.5982711,startup,4,87383,0.0
1787561399.5982711,startup,5,87383,0.0
1787561399.5982711,startup,6,87383,0.0
1787561401.6770475,startup,3,87961,12.0
1787561401.6770475,startup,4,87961,12.0
1787561401.6770475,startup,5,87961,11.0
1787561401.6770475,startup,6,87961,8.0
1787561404.8283772,startup,3,87961,11.0
1787561404.8283772,startup,4,87961,10.0
1787561404.8283772,startup,5,87961,13.0
1787561404.8283772,startup,6,87961,13.0
1787561408.6912177,startup,3,87961,8.0
1787561408.6912177,startup,4,87961,12.0
1787561408.6912177,startup,5,87961,9.0
1787561408.6912177,startup,6,87961,9.0
1787561412.4316905,startup,3,87961,12.0
1787561412.4316905,startup,4,87961,10.0
1787561412.4316905,startup,5,87961,5.0
1787561412.4316905,startup,6,87961,10.0
1787561415.7445407,startup,3,87961,2.0
1787561415.7445407,startup,4,87961,4.0
1787561415.7445407,startup,5,87961,0.0
1787561415.7445407,startup,6,87961,0.0
1787561418.699137,startup,3,87961,10.0
1787561418.699137,startup,4,87961,5.0
1787561418.699137,startup,5,87961,9.0
1787561418.699137,startup,6,87961,5.0
1787561421.206614,startup,3,88031,0.0
1787561421.206614,startup,4,87961,0.0
1787561421.206614,startup,5,87961,2.0
1787561421.206614,startup,6,87961,4.0
1787561423.6331878,startup,3,88031,0.0
1787561423.6331878,startup,4,88031,0.0
1787561423.6331878,startup,5,88031,0.0
1787561423.6331878,startup,6,88031,0.0
1787561425.6166315,control_cold,3,88131,0.0
1787561425.6166315,control_cold,4,88131,0.0
1787561425.6166315,control_cold,5,88131,0.0
1787561425.6166315,control_cold,6,88131,0.0
1787561428.3259358,control_cold,3,88839,0.0
1787561428.3259358,control_cold,4,88839,0.0
1787561428.3259358,control_cold,5,88839,25.0
1787561428.3259358,control_cold,6,88839,1.0
1787561430.6695285,control_cold,3,89707,1.0
1787561430.6695285,control_cold,4,89715,1.0
1787561430.6695285,control_cold,5,89715,0.0
1787561430.6695285,control_cold,6,89715,0.0
1787561433.5676608,control_cold,3,89707,0.0
1787561433.5676608,control_cold,4,89715,0.0
1787561433.5676608,control_cold,5,89715,0.0
1787561433.5676608,control_cold,6,89715,0.0
1787561435.7996035,control_cold,3,89707,0.0
1787561435.7996035,control_cold,4,89715,0.0
1787561435.7996035,control_cold,5,89715,0.0
1787561435.7996035,control_cold,6,89715,0.0
1787561437.8965251,control_cold,3,90809,0.0
1787561437.8965251,control_cold,4,90691,0.0
1787561437.8965251,control_cold,5,90691,0.0
1787561437.8965251,control_cold,6,90691,0.0
1787561440.8200767,control_cold,3,92191,0.0
1787561440.8200767,control_cold,4,92073,0.0
1787561440.8200767,control_cold,5,92073,0.0
1787561440.8200767,control_cold,6,92073,0.0
1787561443.134095,control_cold,3,92191,0.0
1787561443.134095,control_cold,4,92073,0.0
1787561443.134095,control_cold,5,92073,0.0
1787561443.134095,control_cold,6,92073,0.0
1787561445.7056067,control_cold,3,93417,0.0
1787561445.7056067,control_cold,4,93299,0.0
1787561445.7056067,control_cold,5,93299,21.0
1787561445.7056067,control_cold,6,93299,0.0
1787561447.90785,control_cold,3,93935,0.0
1787561447.90785,control_cold,4,93817,0.0
1787561447.90785,control_cold,5,93817,0.0
1787561447.90785,control_cold,6,93817,0.0
1787561450.3251188,control_cold,3,93939,100.0
1787561450.3251188,control_cold,4,94339,100.0
1787561450.3251188,control_cold,5,94339,100.0
1787561450.3251188,control_cold,6,94337,100.0
1787561452.6159375,control_cold,3,93939,100.0
1787561452.6159375,control_cold,4,94339,100.0
1787561452.6159375,control_cold,5,94339,100.0
1787561452.6159375,control_cold,6,94337,100.0
1787561455.4280558,control_cold,3,93939,100.0
1787561455.4280558,control_cold,4,94339,100.0
1787561455.4280558,control_cold,5,94339,100.0
1787561455.4280558,control_cold,6,94337,100.0
1787561457.7318628,control_cold,3,93939,100.0
1787561457.7318628,control_cold,4,94339,100.0
1787561457.7318628,control_cold,5,94339,100.0
1787561457.7318628,control_cold,6,94337,100.0
1787561460.0059705,control_cold,3,93939,100.0
1787561460.0059705,control_cold,4,94339,100.0
1787561460.0059705,control_cold,5,94339,100.0
1787561460.0059705,control_cold,6,94337,100.0
1787561462.1389194,control_cold,3,93939,100.0
1787561462.1389194,control_cold,4,94339,100.0
1787561462.1389194,control_cold,5,94339,100.0
1787561462.1389194,control_cold,6,94337,100.0
1787561464.5001655,control_cold,3,93939,100.0
1787561464.5001655,control_cold,4,94339,100.0
1787561464.5001655,control_cold,5,94339,100.0
1787561464.5001655,control_cold,6,94337,100.0
1787561466.7796357,control_cold,3,93939,100.0
1787561466.7796357,control_cold,4,94339,100.0
1787561466.7796357,control_cold,5,94339,100.0
1787561466.7796357,control_cold,6,94337,100.0
1787561469.0345933,control_cold,3,93939,100.0
1787561469.0345933,control_cold,4,94339,100.0
1787561469.0345933,control_cold,5,94339,100.0
1787561469.0345933,control_cold,6,94337,100.0
1787561471.8258586,control_cold,3,93939,100.0
1787561471.8258586,control_cold,4,94339,100.0
1787561471.8258586,control_cold,5,94339,100.0
1787561471.8258586,control_cold,6,94337,100.0
1787561474.5208333,control_cold,3,93939,100.0
1787561474.5208333,control_cold,4,94339,100.0
1787561474.5208333,control_cold,5,94339,100.0
1787561474.5208333,control_cold,6,94337,100.0
1787561476.700422,control_cold,3,93939,100.0
1787561476.700422,control_cold,4,94339,100.0
1787561476.700422,control_cold,5,94339,100.0
1787561476.700422,control_cold,6,94337,100.0
1787561479.0139751,control_cold,3,93939,100.0
1787561479.0139751,control_cold,4,94339,100.0
1787561479.0139751,control_cold,5,94339,100.0
1787561479.0139751,control_cold,6,94337,100.0
1787561481.2947156,control_cold,3,93939,100.0
1787561481.2947156,control_cold,4,94339,100.0
1787561481.2947156,control_cold,5,94339,100.0
1787561481.2947156,control_cold,6,94337,96.0
1787561483.4350002,control_cold,3,93939,100.0
1787561483.4350002,control_cold,4,94339,100.0
1787561483.4350002,control_cold,5,94339,100.0
1787561483.4350002,control_cold,6,94337,100.0
1787561485.6871226,control_cold,3,93939,100.0
1787561485.6871226,control_cold,4,94339,100.0
1787561485.6871226,control_cold,5,94339,100.0
1787561485.6871226,control_cold,6,94337,100.0
1787561487.9507372,control_cold,3,93939,100.0
1787561487.9507372,control_cold,4,94339,100.0
1787561487.9507372,control_cold,5,94339,100.0
1787561487.9507372,control_cold,6,94337,100.0
1787561491.021895,control_cold,3,93939,100.0
1787561491.021895,control_cold,4,94339,100.0
1787561491.021895,control_cold,5,94339,100.0
1787561491.021895,control_cold,6,94337,100.0
1787561493.1930847,control_cold,3,93939,100.0
1787561493.1930847,control_cold,4,94339,100.0
1787561493.1930847,control_cold,5,94339,100.0
1787561493.1930847,control_cold,6,94337,100.0
1787561495.5895889,control_cold,3,93939,100.0
1787561495.5895889,control_cold,4,94339,100.0
1787561495.5895889,control_cold,5,94339,100.0
1787561495.5895889,control_cold,6,94337,100.0
1787561497.848622,control_cold,3,93939,100.0
1787561497.848622,control_cold,4,94339,100.0
1787561497.848622,control_cold,5,94339,100.0
1787561497.848622,control_cold,6,94337,100.0
1787561499.9574971,control_cold,3,93939,100.0
1787561499.9574971,control_cold,4,94339,100.0
1787561499.9574971,control_cold,5,94339,100.0
1787561499.9574971,control_cold,6,94337,100.0
1787561502.5442736,control_cold,3,93939,100.0
1787561502.5442736,control_cold,4,94339,100.0
1787561502.5442736,control_cold,5,94339,100.0
1787561502.5442736,control_cold,6,94337,100.0
1787561504.7479565,control_cold,3,93939,100.0
1787561504.7479565,control_cold,4,94339,100.0
1787561504.7479565,control_cold,5,94339,100.0
1787561504.7479565,control_cold,6,94337,100.0
1787561507.5762875,control_cold,3,93939,100.0
1787561507.5762875,control_cold,4,94339,100.0
1787561507.5762875,control_cold,5,94339,100.0
1787561507.5762875,control_cold,6,94337,100.0
1787561510.0437238,control_cold,3,93939,100.0
1787561510.0437238,control_cold,4,94339,100.0
1787561510.0437238,control_cold,5,94339,100.0
1787561510.0437238,control_cold,6,94337,100.0
1787561512.323015,control_cold,3,93939,100.0
1787561512.323015,control_cold,4,94381,100.0
1787561512.323015,control_cold,5,94339,100.0
1787561512.323015,control_cold,6,94337,100.0
1787561514.836261,control_cold,3,93939,100.0
1787561514.836261,control_cold,4,94339,100.0
1787561514.836261,control_cold,5,94770,100.0
1787561514.836261,control_cold,6,94337,100.0
1787561517.3349857,control_cold,3,93939,100.0
1787561517.3349857,control_cold,4,94339,100.0
1787561517.3349857,control_cold,5,94339,100.0
1787561517.3349857,control_cold,6,94337,100.0
1787561519.7155464,control_cold,3,93939,100.0
1787561519.7155464,control_cold,4,94339,100.0
1787561519.7155464,control_cold,5,94339,100.0
1787561519.7155464,control_cold,6,94337,100.0
1787561521.9662378,control_cold,3,93939,100.0
1787561521.9662378,control_cold,4,94339,100.0
1787561521.9662378,control_cold,5,94339,100.0
1787561521.9662378,control_cold,6,94337,100.0
1787561524.1645272,control_cold,3,93939,100.0
1787561524.1645272,control_cold,4,94339,100.0
1787561524.1645272,control_cold,5,94339,100.0
1787561524.1645272,control_cold,6,94337,100.0
1787561526.4010801,control_cold,3,93939,100.0
1787561526.4010801,control_cold,4,94339,100.0
1787561526.4010801,control_cold,5,94339,100.0
1787561526.4010801,control_cold,6,94337,100.0
1787561529.1717532,control_cold,3,93939,100.0
1787561529.1717532,control_cold,4,94341,100.0
1787561529.1717532,control_cold,5,94341,100.0
1787561529.1717532,control_cold,6,94339,87.0
1787561531.4527633,control_cold,3,99515,4.0
1787561531.4527633,control_cold,4,99327,4.0
1787561531.4527633,control_cold,5,99327,4.0
1787561531.4527633,control_cold,6,99327,13.0
1787561533.7511454,control_cold,3,99519,0.0
1787561533.7511454,control_cold,4,99327,0.0
1787561533.7511454,control_cold,5,99327,0.0
1787561533.7511454,control_cold,6,99327,0.0
1787561536.2210984,control_cold,3,99519,0.0
1787561536.2210984,control_cold,4,99327,0.0
1787561536.2210984,control_cold,5,99327,0.0
1787561536.2210984,control_cold,6,99327,0.0
1787561539.0178845,between_requests,3,99519,0.0
1787561539.0178845,between_requests,4,99327,0.0
1787561539.0178845,between_requests,5,99327,0.0
1787561539.0178845,between_requests,6,99327,0.0
1787561541.4881308,control_warm_1,3,99519,100.0
1787561541.4881308,control_warm_1,4,99327,100.0
1787561541.4881308,control_warm_1,5,99327,100.0
1787561541.4881308,control_warm_1,6,99327,100.0
1787561543.902274,control_warm_1,3,99519,96.0
1787561543.902274,control_warm_1,4,99327,100.0
1787561543.902274,control_warm_1,5,99327,100.0
1787561543.902274,control_warm_1,6,99327,100.0
1787561547.1649399,control_warm_1,3,99519,100.0
1787561547.1649399,control_warm_1,4,99327,100.0
1787561547.1649399,control_warm_1,5,99327,100.0
1787561547.1649399,control_warm_1,6,99327,100.0
1787561549.823143,control_warm_1,3,99519,100.0
1787561549.823143,control_warm_1,4,99327,100.0
1787561549.823143,control_warm_1,5,99327,100.0
1787561549.823143,control_warm_1,6,99327,100.0
1787561552.4067798,control_warm_1,3,99519,100.0
1787561552.4067798,control_warm_1,4,99327,100.0
1787561552.4067798,control_warm_1,5,99327,100.0
1787561552.4067798,control_warm_1,6,99327,100.0
1787561554.938448,control_warm_1,3,99519,96.0
1787561554.938448,control_warm_1,4,99327,96.0
1787561554.938448,control_warm_1,5,99327,96.0
1787561554.938448,control_warm_1,6,99327,96.0
1787561557.9743779,control_warm_1,3,99519,99.0
1787561557.9743779,control_warm_1,4,99327,99.0
1787561557.9743779,control_warm_1,5,99327,100.0
1787561557.9743779,control_warm_1,6,99327,100.0
1787561560.8677385,control_warm_1,3,99519,100.0
1787561560.8677385,control_warm_1,4,99327,100.0
1787561560.8677385,control_warm_1,5,99327,100.0
1787561560.8677385,control_warm_1,6,99327,100.0
1787561563.386584,control_warm_1,3,99519,100.0
1787561563.386584,control_warm_1,4,99327,100.0
1787561563.386584,control_warm_1,5,99327,100.0
1787561563.386584,control_warm_1,6,99327,100.0
1787561566.5946395,control_warm_1,3,99519,100.0
1787561566.5946395,control_warm_1,4,99327,100.0
1787561566.5946395,control_warm_1,5,99327,100.0
1787561566.5946395,control_warm_1,6,99327,100.0
1787561569.1063378,control_warm_1,3,99519,100.0
1787561569.1063378,control_warm_1,4,99327,100.0
1787561569.1063378,control_warm_1,5,99327,100.0
1787561569.1063378,control_warm_1,6,99327,100.0
1787561571.6753733,control_warm_1,3,99519,100.0
1787561571.6753733,control_warm_1,4,99327,100.0
1787561571.6753733,control_warm_1,5,99327,100.0
1787561571.6753733,control_warm_1,6,99327,100.0
1787561574.7974439,control_warm_1,3,99519,100.0
1787561574.7974439,control_warm_1,4,99327,100.0
1787561574.7974439,control_warm_1,5,99327,100.0
1787561574.7974439,control_warm_1,6,99327,100.0
1787561577.3572702,control_warm_1,3,99519,100.0
1787561577.3572702,control_warm_1,4,99327,100.0
1787561577.3572702,control_warm_1,5,99327,100.0
1787561577.3572702,control_warm_1,6,99327,100.0
1787561580.3037195,control_warm_1,3,99519,100.0
1787561580.3037195,control_warm_1,4,99327,100.0
1787561580.3037195,control_warm_1,5,99327,100.0
1787561580.3037195,control_warm_1,6,99327,100.0
1787561583.2450178,control_warm_1,3,99519,100.0
1787561583.2450178,control_warm_1,4,99327,100.0
1787561583.2450178,control_warm_1,5,99327,100.0
1787561583.2450178,control_warm_1,6,99327,100.0
1787561585.8007455,control_warm_1,3,99519,100.0
1787561585.8007455,control_warm_1,4,99327,100.0
1787561585.8007455,control_warm_1,5,99327,100.0
1787561585.8007455,control_warm_1,6,99327,100.0
1787561588.3626268,control_warm_1,3,99519,100.0
1787561588.3626268,control_warm_1,4,99327,100.0
1787561588.3626268,control_warm_1,5,99327,100.0
1787561588.3626268,control_warm_1,6,99327,100.0
1787561591.396446,control_warm_1,3,99519,100.0
1787561591.396446,control_warm_1,4,99327,100.0
1787561591.396446,control_warm_1,5,99327,100.0
1787561591.396446,control_warm_1,6,99327,100.0
1787561593.8869011,control_warm_1,3,99519,100.0
1787561593.8869011,control_warm_1,4,99327,100.0
1787561593.8869011,control_warm_1,5,99327,100.0
1787561593.8869011,control_warm_1,6,99327,100.0
1787561596.4631174,control_warm_1,3,99519,100.0
1787561596.4631174,control_warm_1,4,99327,100.0
1787561596.4631174,control_warm_1,5,99327,100.0
1787561596.4631174,control_warm_1,6,99327,100.0
1787561599.6820283,control_warm_1,3,99519,100.0
1787561599.6820283,control_warm_1,4,99327,100.0
1787561599.6820283,control_warm_1,5,99327,100.0
1787561599.6820283,control_warm_1,6,99327,100.0
1787561602.0410297,control_warm_1,3,99519,100.0
1787561602.0410297,control_warm_1,4,99327,100.0
1787561602.0410297,control_warm_1,5,99327,100.0
1787561602.0410297,control_warm_1,6,99327,100.0
1787561604.5091183,control_warm_1,3,99519,100.0
1787561604.5091183,control_warm_1,4,99327,100.0
1787561604.5091183,control_warm_1,5,99327,100.0
1787561604.5091183,control_warm_1,6,99327,100.0
1787561607.606534,control_warm_1,3,99519,100.0
1787561607.606534,control_warm_1,4,99327,100.0
1787561607.606534,control_warm_1,5,99327,100.0
1787561607.606534,control_warm_1,6,99327,100.0
1787561610.146997,control_warm_1,3,99519,100.0
1787561610.146997,control_warm_1,4,99327,100.0
1787561610.146997,control_warm_1,5,99327,100.0
1787561610.146997,control_warm_1,6,99327,100.0
1787561612.5680559,control_warm_1,3,99519,100.0
1787561612.5680559,control_warm_1,4,99327,100.0
1787561612.5680559,control_warm_1,5,99327,100.0
1787561612.5680559,control_warm_1,6,99327,100.0
1787561615.0337162,control_warm_1,3,99519,100.0
1787561615.0337162,control_warm_1,4,99327,100.0
1787561615.0337162,control_warm_1,5,99327,100.0
1787561615.0337162,control_warm_1,6,99327,100.0
1787561617.9700224,control_warm_1,3,99519,96.0
1787561617.9700224,control_warm_1,4,99327,96.0
1787561617.9700224,control_warm_1,5,99327,100.0
1787561617.9700224,control_warm_1,6,99327,96.0
1787561620.510085,control_warm_1,3,99519,100.0
1787561620.510085,control_warm_1,4,99327,100.0
1787561620.510085,control_warm_1,5,99327,100.0
1787561620.510085,control_warm_1,6,99327,100.0
1787561622.9335248,control_warm_1,3,99519,47.0
1787561622.9335248,control_warm_1,4,100793,0.0
1787561622.9335248,control_warm_1,5,100793,0.0
1787561622.9335248,control_warm_1,6,100793,14.0
1787561625.7490156,control_warm_1,3,99519,0.0
1787561625.7490156,control_warm_1,4,100793,0.0
1787561625.7490156,control_warm_1,5,100793,0.0
1787561625.7490156,control_warm_1,6,100793,0.0
1787561628.2602296,control_warm_1,3,99519,0.0
1787561628.2602296,control_warm_1,4,100793,0.0
1787561628.2602296,control_warm_1,5,100793,0.0
1787561628.2602296,control_warm_1,6,100793,0.0
1787561630.8230355,control_warm_1,3,99519,0.0
1787561630.8230355,control_warm_1,4,100793,0.0
1787561630.8230355,control_warm_1,5,100793,0.0
1787561630.8230355,control_warm_1,6,100793,0.0
1787561633.868074,control_warm_1,3,99519,0.0
1787561633.868074,control_warm_1,4,100793,0.0
1787561633.868074,control_warm_1,5,100793,0.0
1787561633.868074,control_warm_1,6,100793,0.0
1787561636.4690206,between_requests,3,99519,0.0
1787561636.4690206,between_requests,4,100793,0.0
1787561636.4690206,between_requests,5,100793,0.0
1787561636.4690206,between_requests,6,100793,0.0
1787561638.9232986,control_warm_2,3,99519,100.0
1787561638.9232986,control_warm_2,4,100793,100.0
1787561638.9232986,control_warm_2,5,100793,100.0
1787561638.9232986,control_warm_2,6,100793,100.0
1787561642.357285,control_warm_2,3,99519,100.0
1787561642.357285,control_warm_2,4,100793,96.0
1787561642.357285,control_warm_2,5,100793,100.0
1787561642.357285,control_warm_2,6,100793,96.0
1787561644.9954438,control_warm_2,3,99519,100.0
1787561644.9954438,control_warm_2,4,100793,100.0
1787561644.9954438,control_warm_2,5,100793,100.0
1787561644.9954438,control_warm_2,6,100793,100.0
1787561647.540116,control_warm_2,3,99519,100.0
1787561647.540116,control_warm_2,4,100793,100.0
1787561647.540116,control_warm_2,5,100793,100.0
1787561647.540116,control_warm_2,6,100793,100.0
1787561650.09305,control_warm_2,3,99519,100.0
1787561650.09305,control_warm_2,4,100793,100.0
1787561650.09305,control_warm_2,5,100793,100.0
1787561650.09305,control_warm_2,6,100793,100.0
1787561652.8866005,control_warm_2,3,99519,100.0
1787561652.8866005,control_warm_2,4,100793,100.0
1787561652.8866005,control_warm_2,5,100793,100.0
1787561652.8866005,control_warm_2,6,100793,100.0
1787561655.3782349,control_warm_2,3,99519,100.0
1787561655.3782349,control_warm_2,4,100793,100.0
1787561655.3782349,control_warm_2,5,100793,96.0
1787561655.3782349,control_warm_2,6,100793,100.0
1787561658.107457,control_warm_2,3,99519,100.0
1787561658.107457,control_warm_2,4,100793,100.0
1787561658.107457,control_warm_2,5,100793,100.0
1787561658.107457,control_warm_2,6,100793,100.0
1787561661.1184337,control_warm_2,3,99519,100.0
1787561661.1184337,control_warm_2,4,100793,100.0
1787561661.1184337,control_warm_2,5,100793,100.0
1787561661.1184337,control_warm_2,6,100793,100.0
1787561663.664805,control_warm_2,3,99519,100.0
1787561663.664805,control_warm_2,4,100793,100.0
1787561663.664805,control_warm_2,5,100793,100.0
1787561663.664805,control_warm_2,6,100793,100.0
1787561666.0617492,control_warm_2,3,99519,100.0
1787561666.0617492,control_warm_2,4,100793,100.0
1787561666.0617492,control_warm_2,5,100793,100.0
1787561666.0617492,control_warm_2,6,100793,100.0
1787561669.0286357,control_warm_2,3,99519,100.0
1787561669.0286357,control_warm_2,4,100793,100.0
1787561669.0286357,control_warm_2,5,100793,100.0
1787561669.0286357,control_warm_2,6,100793,100.0
1787561671.630599,control_warm_2,3,99519,100.0
1787561671.630599,control_warm_2,4,100793,100.0
1787561671.630599,control_warm_2,5,100793,100.0
1787561671.630599,control_warm_2,6,100793,100.0
1787561674.0041246,control_warm_2,3,99519,100.0
1787561674.0041246,control_warm_2,4,100793,100.0
1787561674.0041246,control_warm_2,5,100793,100.0
1787561674.0041246,control_warm_2,6,100793,100.0
1787561676.4356227,control_warm_2,3,99519,100.0
1787561676.4356227,control_warm_2,4,100793,100.0
1787561676.4356227,control_warm_2,5,100793,100.0
1787561676.4356227,control_warm_2,6,100793,100.0
1787561679.4793983,control_warm_2,3,99519,100.0
1787561679.4793983,control_warm_2,4,100793,100.0
1787561679.4793983,control_warm_2,5,100793,100.0
1787561679.4793983,control_warm_2,6,100793,100.0
1787561681.8789997,control_warm_2,3,99519,100.0
1787561681.8789997,control_warm_2,4,100793,100.0
1787561681.8789997,control_warm_2,5,100793,100.0
1787561681.8789997,control_warm_2,6,100793,96.0
1787561684.3698158,control_warm_2,3,99519,100.0
1787561684.3698158,control_warm_2,4,100793,100.0
1787561684.3698158,control_warm_2,5,100793,100.0
1787561684.3698158,control_warm_2,6,100793,100.0
1787561686.9009328,control_warm_2,3,99519,100.0
1787561686.9009328,control_warm_2,4,100793,100.0
1787561686.9009328,control_warm_2,5,100793,100.0
1787561686.9009328,control_warm_2,6,100793,100.0
1787561689.7662175,control_warm_2,3,99519,100.0
1787561689.7662175,control_warm_2,4,100793,100.0
1787561689.7662175,control_warm_2,5,100793,100.0
1787561689.7662175,control_warm_2,6,100793,100.0
1787561692.2777333,control_warm_2,3,99519,100.0
1787561692.2777333,control_warm_2,4,100793,100.0
1787561692.2777333,control_warm_2,5,100793,100.0
1787561692.2777333,control_warm_2,6,100793,100.0
1787561694.7086601,control_warm_2,3,99519,100.0
1787561694.7086601,control_warm_2,4,100793,100.0
1787561694.7086601,control_warm_2,5,100793,100.0
1787561694.7086601,control_warm_2,6,100793,100.0
1787561697.7787647,control_warm_2,3,99519,100.0
1787561697.7787647,control_warm_2,4,100793,100.0
1787561697.7787647,control_warm_2,5,100793,100.0
1787561697.7787647,control_warm_2,6,100793,100.0
1787561700.213105,control_warm_2,3,99519,100.0
1787561700.213105,control_warm_2,4,100793,100.0
1787561700.213105,control_warm_2,5,100793,100.0
1787561700.213105,control_warm_2,6,100793,100.0
1787561702.6278923,control_warm_2,3,99519,100.0
1787561702.6278923,control_warm_2,4,100793,100.0
1787561702.6278923,control_warm_2,5,100793,100.0
1787561702.6278923,control_warm_2,6,100793,100.0
1787561705.1720035,control_warm_2,3,99519,100.0
1787561705.1720035,control_warm_2,4,100793,100.0
1787561705.1720035,control_warm_2,5,100793,100.0
1787561705.1720035,control_warm_2,6,100793,100.0
1787561708.071013,control_warm_2,3,99519,100.0
1787561708.071013,control_warm_2,4,100793,96.0
1787561708.071013,control_warm_2,5,100793,100.0
1787561708.071013,control_warm_2,6,100793,96.0
1787561710.689474,control_warm_2,3,99519,100.0
1787561710.689474,control_warm_2,4,100793,100.0
1787561710.689474,control_warm_2,5,100793,100.0
1787561710.689474,control_warm_2,6,100793,100.0
1787561713.0209355,control_warm_2,3,99519,96.0
1787561713.0209355,control_warm_2,4,100793,100.0
1787561713.0209355,control_warm_2,5,100793,100.0
1787561713.0209355,control_warm_2,6,100793,100.0
1787561716.178438,control_warm_2,3,99519,100.0
1787561716.178438,control_warm_2,4,100793,100.0
1787561716.178438,control_warm_2,5,100793,100.0
1787561716.178438,control_warm_2,6,100793,100.0
1787561718.674508,control_warm_2,3,99519,100.0
1787561718.674508,control_warm_2,4,100793,100.0
1787561718.674508,control_warm_2,5,100793,100.0
1787561718.674508,control_warm_2,6,100793,100.0
1787561721.095113,control_warm_2,3,99519,0.0
1787561721.095113,control_warm_2,4,100793,0.0
1787561721.095113,control_warm_2,5,100793,0.0
1787561721.095113,control_warm_2,6,100793,0.0
1787561723.946156,control_warm_2,3,99519,0.0
1787561723.946156,control_warm_2,4,100793,0.0
1787561723.946156,control_warm_2,5,100793,0.0
1787561723.946156,control_warm_2,6,100793,0.0
1787561726.626483,control_warm_2,3,99519,0.0
1787561726.626483,control_warm_2,4,100793,0.0
1787561726.626483,control_warm_2,5,100793,0.0
1787561726.626483,control_warm_2,6,100793,0.0
1787561729.0818713,control_warm_2,3,99519,0.0
1787561729.0818713,control_warm_2,4,100793,0.0
1787561729.0818713,control_warm_2,5,100793,0.0
1787561729.0818713,control_warm_2,6,100793,0.0
1787561731.6424422,control_warm_2,3,99519,0.0
1787561731.6424422,control_warm_2,4,100793,0.0
1787561731.6424422,control_warm_2,5,100793,0.0
1787561731.6424422,control_warm_2,6,100793,0.0
1787561734.7229192,control_warm_2,3,99519,0.0
1787561734.7229192,control_warm_2,4,100793,0.0
1787561734.7229192,control_warm_2,5,100793,0.0
1787561734.7229192,control_warm_2,6,100793,0.0
1787561737.5126705,control_warm_2,3,99519,0.0
1787561737.5126705,control_warm_2,4,100793,0.0
1787561737.5126705,control_warm_2,5,100793,0.0
1787561737.5126705,control_warm_2,6,100793,0.0
1787561740.71143,control_warm_2,3,99519,0.0
1787561740.71143,control_warm_2,4,100793,0.0
1787561740.71143,control_warm_2,5,100793,0.0
1787561740.71143,control_warm_2,6,100793,0.0
1787561743.1751528,between_requests,3,99519,0.0
1787561743.1751528,between_requests,4,100793,0.0
1787561743.1751528,between_requests,5,100793,0.0
1787561743.1751528,between_requests,6,100793,0.0
1787561745.587212,control_warm_3,3,99519,100.0
1787561745.587212,control_warm_3,4,100793,100.0
1787561745.587212,control_warm_3,5,100793,100.0
1787561745.587212,control_warm_3,6,100793,100.0
1787561748.245166,control_warm_3,3,99519,100.0
1787561748.245166,control_warm_3,4,100793,100.0
1787561748.245166,control_warm_3,5,100793,100.0
1787561748.245166,control_warm_3,6,100793,100.0
1787561751.073339,control_warm_3,3,99519,100.0
1787561751.073339,control_warm_3,4,100793,100.0
1787561751.073339,control_warm_3,5,100793,100.0
1787561751.073339,control_warm_3,6,100793,100.0
1787561753.75029,control_warm_3,3,99519,100.0
1787561753.75029,control_warm_3,4,100793,100.0
1787561753.75029,control_warm_3,5,100793,100.0
1787561753.75029,control_warm_3,6,100793,100.0
1787561756.0904603,control_warm_3,3,99519,100.0
1787561756.0904603,control_warm_3,4,100793,100.0
1787561756.0904603,control_warm_3,5,100793,100.0
1787561756.0904603,control_warm_3,6,100793,100.0
1787561758.4702058,control_warm_3,3,99519,100.0
1787561758.4702058,control_warm_3,4,100793,100.0
1787561758.4702058,control_warm_3,5,100793,100.0
1787561758.4702058,control_warm_3,6,100793,100.0
1787561760.8728073,control_warm_3,3,99519,100.0
1787561760.8728073,control_warm_3,4,100793,100.0
1787561760.8728073,control_warm_3,5,100793,100.0
1787561760.8728073,control_warm_3,6,100793,100.0
1787561763.9769912,control_warm_3,3,99519,100.0
1787561763.9769912,control_warm_3,4,100793,100.0
1787561763.9769912,control_warm_3,5,100793,100.0
1787561763.9769912,control_warm_3,6,100793,100.0
1787561766.6754835,control_warm_3,3,99519,100.0
1787561766.6754835,control_warm_3,4,100793,100.0
1787561766.6754835,control_warm_3,5,100793,100.0
1787561766.6754835,control_warm_3,6,100793,100.0
1787561769.1019566,control_warm_3,3,99519,100.0
1787561769.1019566,control_warm_3,4,100793,100.0
1787561769.1019566,control_warm_3,5,100793,100.0
1787561769.1019566,control_warm_3,6,100793,100.0
1787561771.6229694,control_warm_3,3,99519,100.0
1787561771.6229694,control_warm_3,4,100793,100.0
1787561771.6229694,control_warm_3,5,100793,100.0
1787561771.6229694,control_warm_3,6,100793,100.0
1787561774.0697668,control_warm_3,3,99519,100.0
1787561774.0697668,control_warm_3,4,100793,99.0
1787561774.0697668,control_warm_3,5,100793,99.0
1787561774.0697668,control_warm_3,6,100793,100.0
1787561777.3648443,control_warm_3,3,99519,100.0
1787561777.3648443,control_warm_3,4,100793,100.0
1787561777.3648443,control_warm_3,5,100793,100.0
1787561777.3648443,control_warm_3,6,100793,100.0
1787561779.6917238,control_warm_3,3,99519,100.0
1787561779.6917238,control_warm_3,4,100793,100.0
1787561779.6917238,control_warm_3,5,100793,100.0
1787561779.6917238,control_warm_3,6,100793,100.0
1787561782.1490538,control_warm_3,3,99519,100.0
1787561782.1490538,control_warm_3,4,100793,100.0
1787561782.1490538,control_warm_3,5,100793,100.0
1787561782.1490538,control_warm_3,6,100793,100.0
1787561784.5224674,control_warm_3,3,99519,100.0
1787561784.5224674,control_warm_3,4,100793,100.0
1787561784.5224674,control_warm_3,5,100793,100.0
1787561784.5224674,control_warm_3,6,100793,100.0
1787561787.308882,control_warm_3,3,99519,100.0
1787561787.308882,control_warm_3,4,100793,100.0
1787561787.308882,control_warm_3,5,100793,100.0
1787561787.308882,control_warm_3,6,100793,100.0
1787561789.8190916,control_warm_3,3,99519,100.0
1787561789.8190916,control_warm_3,4,100793,100.0
1787561789.8190916,control_warm_3,5,100793,100.0
1787561789.8190916,control_warm_3,6,100793,100.0
1787561792.3776093,control_warm_3,3,99519,100.0
1787561792.3776093,control_warm_3,4,100793,100.0
1787561792.3776093,control_warm_3,5,100793,100.0
1787561792.3776093,control_warm_3,6,100793,100.0
1787561795.2920961,control_warm_3,3,99519,100.0
1787561795.2920961,control_warm_3,4,100793,100.0
1787561795.2920961,control_warm_3,5,100793,100.0
1787561795.2920961,control_warm_3,6,100793,100.0
1787561797.748062,control_warm_3,3,99519,100.0
1787561797.748062,control_warm_3,4,100793,100.0
1787561797.748062,control_warm_3,5,100793,97.0
1787561797.748062,control_warm_3,6,100793,100.0
1787561800.249037,control_warm_3,3,99519,100.0
1787561800.249037,control_warm_3,4,100793,100.0
1787561800.249037,control_warm_3,5,100793,100.0
1787561800.249037,control_warm_3,6,100793,100.0
1787561802.6731439,control_warm_3,3,99519,100.0
1787561802.6731439,control_warm_3,4,100793,100.0
1787561802.6731439,control_warm_3,5,100793,100.0
1787561802.6731439,control_warm_3,6,100793,100.0
1787561805.3283439,control_warm_3,3,99519,100.0
1787561805.3283439,control_warm_3,4,100793,100.0
1787561805.3283439,control_warm_3,5,100793,100.0
1787561805.3283439,control_warm_3,6,100793,100.0
1787561807.8033602,control_warm_3,3,99519,100.0
1787561807.8033602,control_warm_3,4,100793,100.0
1787561807.8033602,control_warm_3,5,100793,100.0
1787561807.8033602,control_warm_3,6,100793,100.0
1787561810.3115478,control_warm_3,3,99519,100.0
1787561810.3115478,control_warm_3,4,100793,100.0
1787561810.3115478,control_warm_3,5,100793,100.0
1787561810.3115478,control_warm_3,6,100793,100.0
1787561812.7241359,control_warm_3,3,99519,100.0
1787561812.7241359,control_warm_3,4,100793,100.0
1787561812.7241359,control_warm_3,5,100793,100.0
1787561812.7241359,control_warm_3,6,100793,100.0
1787561815.876204,control_warm_3,3,99519,100.0
1787561815.876204,control_warm_3,4,100793,100.0
1787561815.876204,control_warm_3,5,100793,100.0
1787561815.876204,control_warm_3,6,100793,100.0
1787561818.389038,control_warm_3,3,99519,100.0
1787561818.389038,control_warm_3,4,100793,100.0
1787561818.389038,control_warm_3,5,100793,100.0
1787561818.389038,control_warm_3,6,100793,100.0
1787561820.7465065,control_warm_3,3,99519,100.0
1787561820.7465065,control_warm_3,4,100793,100.0
1787561820.7465065,control_warm_3,5,100793,100.0
1787561820.7465065,control_warm_3,6,100793,100.0
1787561823.875954,control_warm_3,3,99519,96.0
1787561823.875954,control_warm_3,4,100793,100.0
1787561823.875954,control_warm_3,5,100793,100.0
1787561823.875954,control_warm_3,6,100793,96.0
1787561826.4491231,control_warm_3,3,99519,100.0
1787561826.4491231,control_warm_3,4,100793,100.0
1787561826.4491231,control_warm_3,5,100793,100.0
1787561826.4491231,control_warm_3,6,100793,100.0
1787561828.9258888,control_warm_3,3,99519,0.0
1787561828.9258888,control_warm_3,4,100793,0.0
1787561828.9258888,control_warm_3,5,100793,0.0
1787561828.9258888,control_warm_3,6,100793,0.0
1787561831.5606515,between_requests,3,99519,0.0
1787561831.5606515,between_requests,4,100793,0.0
1787561831.5606515,between_requests,5,100793,0.0
1787561831.5606515,between_requests,6,100793,0.0
1787561834.5199103,shutdown,3,98899,1.0
1787561834.5199103,shutdown,4,100197,1.0
1787561834.5199103,shutdown,5,100063,1.0
1787561834.5199103,shutdown,6,99993,1.0
1787561837.14721,shutdown,3,96583,0.0
1787561837.14721,shutdown,4,97857,0.0
1787561837.14721,shutdown,5,97857,0.0
1787561837.14721,shutdown,6,97857,0.0
1787561839.6145127,shutdown,3,96583,0.0
1787561839.6145127,shutdown,4,97857,0.0
1787561839.6145127,shutdown,5,97857,0.0
1787561839.6145127,shutdown,6,97857,0.0
1787561841.9352705,shutdown,3,4,0.0
1787561841.9352705,shutdown,4,4,0.0
1787561841.9352705,shutdown,5,4,100.0
1787561841.9352705,shutdown,6,4,0.0
